{"cameraMode":{"drawMode":0,"name":"Shaded","section":"Shading Mode"},"sceneLighting":true,"audioPlay":false,"sceneViewState":{"showFog":true,"showMaterialUpdate":false,"showSkybox":true,"showFlares":true,"showImageEffects":true,"showParticleSystems":true},"in2DMode":false,"pivot":{"x":-7.6920270919799809,"y":0.13053035736083985,"z":-3.0185203552246095},"rotation":{"x":-0.06508512049913407,"y":0.9348844289779663,"z":-0.24251289665699006,"w":-0.2509025037288666},"size":14.536216735839844,"orthographic":false}